year,tariffeu,tariffne
1992,9.398542527566216,9.703919292650353
1993,8.999874008504522,9.611788082865887
1994,8.694979789551613,9.611788082865885
1995,5.841527762803385,9.231673035084389
1996,3.175043156107153,9.02048214420503
1997,.7739704596365474,8.79794021349479
1998,.572225361203669,8.563136984419939
1999,.3542974673372973,8.341011751422711
2000,.1761901309953248,8.328519538504466
2001,0,8.308085093568273
2002,0,8.333425613088181
2003,0,8.313554098673649
2004,0,
